<?xml version="1.0" encoding="UTF-8"?>
<project-private xmlns="http://www.netbeans.org/ns/project-private/1">
    <editor-bookmarks xmlns="http://www.netbeans.org/ns/editor-bookmarks/2" lastBookmarkId="0"/>
    <open-files xmlns="http://www.netbeans.org/ns/projectui-open-files/2">
        <group>
            <file>file:/C:/Users/pcris/Desktop/Proyecto-MP-master/src/interfaces/GUIValidarDesafios.java</file>
            <file>file:/C:/Users/pcris/Desktop/Proyecto-MP-master/src/interfaces/GUISelectEquipamiento.java</file>
            <file>file:/C:/Users/pcris/Desktop/Proyecto-MP-master/src/interfaces/GUIMenuIni.java</file>
            <file>file:/C:/Users/pcris/Desktop/Proyecto-MP-master/src/interfacesPersonalizacion/GUIEliminarPersonaje.java</file>
            <file>file:/C:/Users/pcris/Desktop/Proyecto-MP-master/src/practicamp/Combate.java</file>
            <file>file:/C:/Users/pcris/Desktop/Proyecto-MP-master/src/practicamp/Ronda.java</file>
            <file>file:/C:/Users/pcris/Desktop/Proyecto-MP-master/src/interfaces/GUIDesafiado.java</file>
            <file>file:/C:/Users/pcris/Desktop/Proyecto-MP-master/src/habilidades/Talento.java</file>
            <file>file:/C:/Users/pcris/Desktop/Proyecto-MP-master/src/interfacesAdmin/GUIAñadirModificadores.java</file>
            <file>file:/C:/Users/pcris/Desktop/Proyecto-MP-master/src/practicamp/NotificadorCombate.java</file>
            <file>file:/C:/Users/pcris/Desktop/Proyecto-MP-master/src/interfaces/GUIVerCombatesAjenos.java</file>
            <file>file:/C:/Users/pcris/Desktop/Proyecto-MP-master/src/habilidades/Fortaleza.java</file>
            <file>file:/C:/Users/pcris/Desktop/Proyecto-MP-master/src/practicamp/GestorCombate.java</file>
            <file>file:/C:/Users/pcris/Desktop/Proyecto-MP-master/src/interfacesAdmin/GUIOperador.java</file>
            <file>file:/C:/Users/pcris/Desktop/Proyecto-MP-master/src/interfaces/GUIIniSesion.java</file>
            <file>file:/C:/Users/pcris/Desktop/Proyecto-MP-master/src/habilidades/Disciplina.java</file>
            <file>file:/C:/Users/pcris/Desktop/Proyecto-MP-master/test/interfaces/GUIIniSesionTest.java</file>
            <file>file:/C:/Users/pcris/Desktop/Proyecto-MP-master/src/practicamp/Persona.java</file>
            <file>file:/C:/Users/pcris/Desktop/Proyecto-MP-master/src/interfaces/GUIOroBatallas.java</file>
            <file>file:/C:/Users/pcris/Desktop/Proyecto-MP-master/src/inutil/Registrarse.java</file>
            <file>file:/C:/Users/pcris/Desktop/Proyecto-MP-master/src/inutil/IniciarSesion.java</file>
            <file>file:/C:/Users/pcris/Desktop/Proyecto-MP-master/src/inutil/MenuOld.java</file>
            <file>file:/C:/Users/pcris/Desktop/Proyecto-MP-master/src/interfacesAdmin/GUIOperadorAñadirAtributos.java</file>
            <file>file:/C:/Users/pcris/Desktop/Proyecto-MP-master/src/habilidades/Don.java</file>
            <file>file:/C:/Users/pcris/Desktop/Proyecto-MP-master/src/practicamp/Usuario.java</file>
            <file>file:/C:/Users/pcris/Desktop/Proyecto-MP-master/src/practicamp/PracticaMP.java</file>
            <file>file:/C:/Users/pcris/Desktop/Proyecto-MP-master/src/interfaces/GUIArmas_Armaduras.java</file>
            <file>file:/C:/Users/pcris/Desktop/Proyecto-MP-master/src/interfaces/GUIResultadosCombate.java</file>
            <file>file:/C:/Users/pcris/Desktop/Proyecto-MP-master/src/practicamp/BaseDatos.java</file>
            <file>file:/C:/Users/pcris/Desktop/Proyecto-MP-master/src/interfaces/GUISelectHabilidad.java</file>
            <file>file:/C:/Users/pcris/Desktop/Proyecto-MP-master/src/interfaces/GUIRegistrarse.java</file>
            <file>file:/C:/Users/pcris/Desktop/Proyecto-MP-master/src/habilidades/Habilidad.java</file>
            <file>file:/C:/Users/pcris/Desktop/Proyecto-MP-master/src/interfaces/GUISelectNombrePersonaje.java</file>
            <file>file:/C:/Users/pcris/Desktop/Proyecto-MP-master/src/interfaces/GUIDesafiar.java</file>
            <file>file:/C:/Users/pcris/Desktop/Proyecto-MP-master/src/interfaces/GUIMenuUsuario.java</file>
            <file>file:/C:/Users/pcris/Desktop/Proyecto-MP-master/src/interfaces/GUISelectPersonaje.java</file>
        </group>
    </open-files>
</project-private>
