<?xml version="1.0" encoding="UTF-8"?>
<project-private xmlns="http://www.netbeans.org/ns/project-private/1">
    <editor-bookmarks xmlns="http://www.netbeans.org/ns/editor-bookmarks/2" lastBookmarkId="0"/>
    <open-files xmlns="http://www.netbeans.org/ns/projectui-open-files/2">
        <group>
            <file>file:/C:/Users/PcCom/Desktop/Proyecto-MP-main/src/personajes/Licantropo.java</file>
            <file>file:/C:/Users/PcCom/Desktop/Proyecto-MP-main/src/interfaces/GUICrearPersonaje3.java</file>
            <file>file:/C:/Users/PcCom/Desktop/Proyecto-MP-main/src/practicamp/PracticaMP.java</file>
            <file>file:/C:/Users/PcCom/Desktop/Proyecto-MP-main/src/personajes/Cazador.java</file>
            <file>file:/C:/Users/PcCom/Desktop/Proyecto-MP-main/src/interfaces/GUIIniSesion.java</file>
            <file>file:/C:/Users/PcCom/Desktop/Proyecto-MP-main/src/interfaces/GUICrearPersonaje.java</file>
            <file>file:/C:/Users/PcCom/Desktop/Proyecto-MP-main/src/interfaces/GUICrearPersonaje2.java</file>
            <file>file:/C:/Users/PcCom/Desktop/Proyecto-MP-main/src/interfaces/GUIMenuIni.java</file>
        </group>
    </open-files>
</project-private>
