<?xml version="1.0" encoding="UTF-8"?>
<project-private xmlns="http://www.netbeans.org/ns/project-private/1">
    <editor-bookmarks xmlns="http://www.netbeans.org/ns/editor-bookmarks/2" lastBookmarkId="0"/>
    <open-files xmlns="http://www.netbeans.org/ns/projectui-open-files/2">
        <group>
            <file>file:/C:/Users/pcris/Desktop/Proyecto-MP-main/src/practicamp/Menuini.java</file>
            <file>file:/C:/Users/pcris/Desktop/Proyecto-MP-main/src/practicamp/PracticaMP.java</file>
            <file>file:/C:/Users/pcris/Desktop/Proyecto-MP-main/src/interfaces/GUIOperadorAñadirAtributos.java</file>
            <file>file:/C:/Users/pcris/Desktop/Proyecto-MP-main/src/interfaces/GUIIniSesion.java</file>
            <file>file:/C:/Users/pcris/Desktop/Proyecto-MP-main/src/equipo/Arma.java</file>
            <file>file:/C:/Users/pcris/Desktop/Proyecto-MP-main/src/interfaces/GUIMenuIni.java</file>
            <file>file:/C:/Users/pcris/Desktop/Proyecto-MP-main/src/practicamp/Menu.java</file>
            <file>file:/C:/Users/pcris/Desktop/Proyecto-MP-main/src/equipo/Armadura.java</file>
            <file>file:/C:/Users/pcris/Desktop/Proyecto-MP-main/src/practicamp/Multiplexor.java</file>
            <file>file:/C:/Users/pcris/Desktop/Proyecto-MP-main/src/practicamp/IniciarSesion.java</file>
            <file>file:/C:/Users/pcris/Desktop/Proyecto-MP-main/src/practicamp/Usuario.java</file>
            <file>file:/C:/Users/pcris/Desktop/Proyecto-MP-main/src/interfaces/GUIMenuUsuario.java</file>
            <file>file:/C:/Users/pcris/Desktop/Proyecto-MP-main/src/interfaces/GUIOperador.java</file>
            <file>file:/C:/Users/pcris/Desktop/Proyecto-MP-main/src/practicamp/BaseDatos.java</file>
            <file>file:/C:/Users/pcris/Desktop/Proyecto-MP-main/src/interfaces/GUICrearPersonaje2.java</file>
            <file>file:/C:/Users/pcris/Desktop/Proyecto-MP-main/src/interfaces/GUIRegistrarse.java</file>
            <file>file:/C:/Users/pcris/Desktop/Proyecto-MP-main/src/interfaces/GUICrearPersonaje.java</file>
            <file>file:/C:/Users/pcris/Desktop/Proyecto-MP-main/src/personajes/Vampiro.java</file>
        </group>
    </open-files>
</project-private>
