<?xml version="1.0" encoding="UTF-8"?>
<project-private xmlns="http://www.netbeans.org/ns/project-private/1">
    <editor-bookmarks xmlns="http://www.netbeans.org/ns/editor-bookmarks/2" lastBookmarkId="0"/>
    <open-files xmlns="http://www.netbeans.org/ns/projectui-open-files/2">
        <group>
            <file>file:/D:/Rubén/OneDrive%20-%20Universidad%20Rey%20Juan%20Carlos/Segundo%20Semestre/_MP%20(Metodología%20de%20la%20Programación)/Practica/ProyectoNuevo/Proyecto-MP-main/src/interfaces/GUIAñadirModificadores.java</file>
            <file>file:/D:/Rubén/OneDrive%20-%20Universidad%20Rey%20Juan%20Carlos/Segundo%20Semestre/_MP%20(Metodología%20de%20la%20Programación)/Practica/ProyectoNuevo/Proyecto-MP-main/src/practicamp/BaseDatos.java</file>
        </group>
    </open-files>
</project-private>
