<?xml version="1.0" encoding="UTF-8"?>
<project-private xmlns="http://www.netbeans.org/ns/project-private/1">
    <editor-bookmarks xmlns="http://www.netbeans.org/ns/editor-bookmarks/2" lastBookmarkId="0"/>
    <open-files xmlns="http://www.netbeans.org/ns/projectui-open-files/2">
        <group>
            <file>file:/C:/Users/pcris/Desktop/Proyecto-MP-main/PracticaMP/src/practicamp/Cazador.java</file>
            <file>file:/C:/Users/pcris/Desktop/Proyecto-MP-main/PracticaMP/src/practicamp/IniciarSesion.java</file>
            <file>file:/C:/Users/pcris/Desktop/Proyecto-MP-main/PracticaMP/src/practicamp/Usuario.java</file>
            <file>file:/C:/Users/pcris/Desktop/Proyecto-MP-main/PracticaMP/src/practicamp/Arma.java</file>
            <file>file:/C:/Users/pcris/Desktop/Proyecto-MP-main/PracticaMP/src/practicamp/Registrarse.java</file>
            <file>file:/C:/Users/pcris/Desktop/Proyecto-MP-main/PracticaMP/src/practicamp/Operador.java</file>
            <file>file:/C:/Users/pcris/Desktop/Proyecto-MP-main/PracticaMP/src/practicamp/Personaje.java</file>
            <file>file:/C:/Users/pcris/Desktop/Proyecto-MP-main/PracticaMP/src/imagenes/Fondo1.jpg</file>
            <file>file:/C:/Users/pcris/Desktop/Proyecto-MP-main/PracticaMP/src/practicamp/Menuini.java</file>
            <file>file:/C:/Users/pcris/Desktop/Proyecto-MP-main/PracticaMP/src/practicamp/Menu.java</file>
            <file>file:/C:/Users/pcris/Desktop/Proyecto-MP-main/PracticaMP/src/practicamp/Persona.java</file>
            <file>file:/C:/Users/pcris/Desktop/Proyecto-MP-main/PracticaMP/src/practicamp/GUIMenuIni.java</file>
            <file>file:/C:/Users/pcris/Desktop/Proyecto-MP-main/PracticaMP/src/practicamp/PracticaMP.java</file>
            <file>file:/C:/Users/pcris/Desktop/Proyecto-MP-main/PracticaMP/src/practicamp/Talento.java</file>
            <file>file:/C:/Users/pcris/Desktop/Proyecto-MP-main/PracticaMP/src/practicamp/BaseDatos.java</file>
            <file>file:/C:/Users/pcris/Desktop/Proyecto-MP-main/PracticaMP/src/practicamp/GUIIniSesion.java</file>
            <file>file:/C:/Users/pcris/Desktop/Proyecto-MP-main/PracticaMP/src/practicamp/Vampiro.java</file>
            <file>file:/C:/Users/pcris/Desktop/Proyecto-MP-main/PracticaMP/src/practicamp/GUIRegistrarse.java</file>
            <file>file:/C:/Users/pcris/Desktop/Proyecto-MP-main/PracticaMP/src/practicamp/Multiplexor.java</file>
            <file>file:/C:/Users/pcris/Desktop/Proyecto-MP-main/PracticaMP/src/imagenes/Fondo%20Espada.jpg</file>
        </group>
    </open-files>
</project-private>
