<?xml version="1.0" encoding="UTF-8"?>
<project-private xmlns="http://www.netbeans.org/ns/project-private/1">
    <editor-bookmarks xmlns="http://www.netbeans.org/ns/editor-bookmarks/2" lastBookmarkId="0"/>
    <open-files xmlns="http://www.netbeans.org/ns/projectui-open-files/2">
        <group>
            <file>file:/C:/Users/pcris/Desktop/Proyecto-MP-llorosno11/src/interfaces/GUIDesafiar.java</file>
            <file>file:/C:/Users/pcris/Desktop/Proyecto-MP-llorosno11/src/interfaces/GUIOperadorAñadirAtributos.java</file>
            <file>file:/C:/Users/pcris/Desktop/Proyecto-MP-llorosno11/src/interfaces/GUIArmas_Armaduras.java</file>
            <file>file:/C:/Users/pcris/Desktop/Proyecto-MP-llorosno11/src/interfaces/GUIEditarPersonaje2.java</file>
            <file>file:/C:/Users/pcris/Desktop/Proyecto-MP-llorosno11/src/interfaces/GUICrearPersonaje3.java</file>
            <file>file:/C:/Users/pcris/Desktop/Proyecto-MP-llorosno11/src/interfaces/GUIMenuUsuario.java</file>
            <file>file:/C:/Users/pcris/Desktop/Proyecto-MP-llorosno11/src/personajes/Personaje.java</file>
            <file>file:/C:/Users/pcris/Desktop/Proyecto-MP-llorosno11/src/interfaces/GUIEditarPersonaje.java</file>
            <file>file:/C:/Users/pcris/Desktop/Proyecto-MP-llorosno11/src/practicamp/BaseDatos.java</file>
            <file>file:/C:/Users/pcris/Desktop/Proyecto-MP-llorosno11/src/personajes/Cazador.java</file>
            <file>file:/C:/Users/pcris/Desktop/Proyecto-MP-llorosno11/src/interfaces/GUIOperador.java</file>
            <file>file:/C:/Users/pcris/Desktop/Proyecto-MP-llorosno11/src/personajes/Licantropo.java</file>
            <file>file:/C:/Users/pcris/Desktop/Proyecto-MP-llorosno11/src/personajes/Vampiro.java</file>
            <file>file:/C:/Users/pcris/Desktop/Proyecto-MP-llorosno11/src/interfaces/GUICrearPersonaje2.java</file>
            <file>file:/C:/Users/pcris/Desktop/Proyecto-MP-llorosno11/src/interfaces/GUIDesafiado.java</file>
        </group>
    </open-files>
</project-private>
